{"frames": {

"Background":
{
	"frame": {"x":0,"y":516,"w":384,"h":512},
	"rotated": false,
	"trimmed": false,
	"spriteSourceSize": {"x":0,"y":0,"w":384,"h":512},
	"sourceSize": {"w":384,"h":512}
},
"BackMain":
{
	"frame": {"x":0,"y":0,"w":384,"h":512},
	"rotated": false,
	"trimmed": false,
	"spriteSourceSize": {"x":0,"y":0,"w":384,"h":512},
	"sourceSize": {"w":384,"h":512}
},
"ballon":
{
	"frame": {"x":734,"y":677,"w":258,"h":103},
	"rotated": false,
	"trimmed": false,
	"spriteSourceSize": {"x":0,"y":0,"w":258,"h":103},
	"sourceSize": {"w":258,"h":103}
},
"BigBG":
{
	"frame": {"x":734,"y":0,"w":366,"h":447},
	"rotated": false,
	"trimmed": false,
	"spriteSourceSize": {"x":0,"y":0,"w":366,"h":447},
	"sourceSize": {"w":366,"h":447}
},
"bonus_bar":
{
	"frame": {"x":1002,"y":664,"w":235,"h":14},
	"rotated": false,
	"trimmed": false,
	"spriteSourceSize": {"x":0,"y":0,"w":235,"h":14},
	"sourceSize": {"w":235,"h":14}
},
"bonus_border":
{
	"frame": {"x":734,"y":558,"w":283,"h":48},
	"rotated": false,
	"trimmed": false,
	"spriteSourceSize": {"x":0,"y":0,"w":283,"h":48},
	"sourceSize": {"w":283,"h":48}
},
"bonus_icon":
{
	"frame": {"x":510,"y":427,"w":53,"h":61},
	"rotated": false,
	"trimmed": false,
	"spriteSourceSize": {"x":0,"y":0,"w":53,"h":61},
	"sourceSize": {"w":53,"h":61}
},
"BtBack":
{
	"frame": {"x":388,"y":973,"w":50,"h":50},
	"rotated": false,
	"trimmed": false,
	"spriteSourceSize": {"x":0,"y":0,"w":50,"h":50},
	"sourceSize": {"w":50,"h":50}
},
"BtClose":
{
	"frame": {"x":1015,"y":834,"w":37,"h":39},
	"rotated": false,
	"trimmed": false,
	"spriteSourceSize": {"x":0,"y":0,"w":37,"h":39},
	"sourceSize": {"w":37,"h":39}
},
"BtHome":
{
	"frame": {"x":442,"y":973,"w":50,"h":50},
	"rotated": false,
	"trimmed": false,
	"spriteSourceSize": {"x":0,"y":0,"w":50,"h":50},
	"sourceSize": {"w":50,"h":50}
},
"BtMenu":
{
	"frame": {"x":1002,"y":780,"w":50,"h":50},
	"rotated": false,
	"trimmed": false,
	"spriteSourceSize": {"x":0,"y":0,"w":50,"h":50},
	"sourceSize": {"w":50,"h":50}
},
"BtMinimize":
{
	"frame": {"x":1009,"y":963,"w":38,"h":39},
	"rotated": false,
	"trimmed": false,
	"spriteSourceSize": {"x":0,"y":0,"w":38,"h":39},
	"sourceSize": {"w":38,"h":39}
},
"BtMusic":
{
	"frame": {"x":764,"y":784,"w":45,"h":47},
	"rotated": false,
	"trimmed": false,
	"spriteSourceSize": {"x":0,"y":0,"w":45,"h":47},
	"sourceSize": {"w":45,"h":47}
},
"BtMusicOff":
{
	"frame": {"x":813,"y":784,"w":45,"h":47},
	"rotated": false,
	"trimmed": false,
	"spriteSourceSize": {"x":0,"y":0,"w":45,"h":47},
	"sourceSize": {"w":45,"h":47}
},
"BtOk":
{
	"frame": {"x":1135,"y":993,"w":50,"h":50},
	"rotated": false,
	"trimmed": false,
	"spriteSourceSize": {"x":0,"y":0,"w":50,"h":50},
	"sourceSize": {"w":50,"h":50}
},
"BtPause":
{
	"frame": {"x":1189,"y":993,"w":50,"h":50},
	"rotated": false,
	"trimmed": false,
	"spriteSourceSize": {"x":0,"y":0,"w":50,"h":50},
	"sourceSize": {"w":50,"h":50}
},
"BtPedia":
{
	"frame": {"x":1135,"y":1047,"w":50,"h":50},
	"rotated": false,
	"trimmed": false,
	"spriteSourceSize": {"x":0,"y":0,"w":50,"h":50},
	"sourceSize": {"w":50,"h":50}
},
"BtPlay":
{
	"frame": {"x":834,"y":835,"w":100,"h":100},
	"rotated": false,
	"trimmed": false,
	"spriteSourceSize": {"x":0,"y":0,"w":100,"h":100},
	"sourceSize": {"w":100,"h":100}
},
"BtPlusMini":
{
	"frame": {"x":700,"y":582,"w":16,"h":17},
	"rotated": false,
	"trimmed": false,
	"spriteSourceSize": {"x":0,"y":0,"w":16,"h":17},
	"sourceSize": {"w":16,"h":17}
},
"BtRestart":
{
	"frame": {"x":1189,"y":1047,"w":50,"h":50},
	"rotated": false,
	"trimmed": false,
	"spriteSourceSize": {"x":0,"y":0,"w":50,"h":50},
	"sourceSize": {"w":50,"h":50}
},
"BtSettings":
{
	"frame": {"x":1135,"y":1101,"w":50,"h":50},
	"rotated": false,
	"trimmed": false,
	"spriteSourceSize": {"x":0,"y":0,"w":50,"h":50},
	"sourceSize": {"w":50,"h":50}
},
"BtSound":
{
	"frame": {"x":862,"y":784,"w":45,"h":47},
	"rotated": false,
	"trimmed": false,
	"spriteSourceSize": {"x":0,"y":0,"w":45,"h":47},
	"sourceSize": {"w":45,"h":47}
},
"BtSoundOff":
{
	"frame": {"x":911,"y":784,"w":45,"h":47},
	"rotated": false,
	"trimmed": false,
	"spriteSourceSize": {"x":0,"y":0,"w":45,"h":47},
	"sourceSize": {"w":45,"h":47}
},
"BtStore":
{
	"frame": {"x":1189,"y":1101,"w":50,"h":50},
	"rotated": false,
	"trimmed": false,
	"spriteSourceSize": {"x":0,"y":0,"w":50,"h":50},
	"sourceSize": {"w":50,"h":50}
},
"BtTextBg":
{
	"frame": {"x":388,"y":0,"w":174,"h":53},
	"rotated": false,
	"trimmed": false,
	"spriteSourceSize": {"x":0,"y":0,"w":174,"h":53},
	"sourceSize": {"w":174,"h":53}
},
"BtTextBgBlue":
{
	"frame": {"x":388,"y":57,"w":174,"h":53},
	"rotated": false,
	"trimmed": false,
	"spriteSourceSize": {"x":0,"y":0,"w":174,"h":53},
	"sourceSize": {"w":174,"h":53}
},
"check":
{
	"frame": {"x":673,"y":1136,"w":51,"h":40},
	"rotated": false,
	"trimmed": false,
	"spriteSourceSize": {"x":0,"y":0,"w":51,"h":40},
	"sourceSize": {"w":51,"h":40}
},
"cleanEffect":
{
	"frame": {"x":183,"y":1032,"w":186,"h":184},
	"rotated": false,
	"trimmed": true,
	"spriteSourceSize": {"x":5,"y":0,"w":186,"h":184},
	"sourceSize": {"w":192,"h":184}
},
"d256":
{
	"frame": {"x":963,"y":1222,"w":34,"h":14},
	"rotated": false,
	"trimmed": true,
	"spriteSourceSize": {"x":22,"y":1,"w":34,"h":14},
	"sourceSize": {"w":81,"h":15}
},
"DIAStudioIco":
{
	"frame": {"x":1009,"y":1006,"w":38,"h":38},
	"rotated": false,
	"trimmed": true,
	"spriteSourceSize": {"x":2,"y":2,"w":38,"h":38},
	"sourceSize": {"w":41,"h":41}
},
"DIAStudioLogo":
{
	"frame": {"x":1104,"y":148,"w":130,"h":131},
	"rotated": false,
	"trimmed": false,
	"spriteSourceSize": {"x":0,"y":0,"w":130,"h":131},
	"sourceSize": {"w":130,"h":131}
},
"e-1":
{
	"frame": {"x":700,"y":542,"w":28,"h":8},
	"rotated": false,
	"trimmed": true,
	"spriteSourceSize": {"x":17,"y":13,"w":28,"h":8},
	"sourceSize": {"w":62,"h":23}
},
"e1":
{
	"frame": {"x":400,"y":1219,"w":36,"h":12},
	"rotated": false,
	"trimmed": false,
	"spriteSourceSize": {"x":0,"y":0,"w":36,"h":12},
	"sourceSize": {"w":36,"h":12}
},
"e1_hanger":
{
	"frame": {"x":1015,"y":916,"w":36,"h":12},
	"rotated": false,
	"trimmed": false,
	"spriteSourceSize": {"x":0,"y":0,"w":36,"h":12},
	"sourceSize": {"w":36,"h":12}
},
"e1_happy":
{
	"frame": {"x":488,"y":960,"w":36,"h":9},
	"rotated": false,
	"trimmed": false,
	"spriteSourceSize": {"x":0,"y":0,"w":36,"h":9},
	"sourceSize": {"w":36,"h":9}
},
"e1_sad":
{
	"frame": {"x":1015,"y":932,"w":36,"h":12},
	"rotated": false,
	"trimmed": false,
	"spriteSourceSize": {"x":0,"y":0,"w":36,"h":12},
	"sourceSize": {"w":36,"h":12}
},
"e2":
{
	"frame": {"x":935,"y":1091,"w":45,"h":11},
	"rotated": false,
	"trimmed": true,
	"spriteSourceSize": {"x":20,"y":7,"w":45,"h":11},
	"sourceSize": {"w":85,"h":25}
},
"e4":
{
	"frame": {"x":1001,"y":1222,"w":58,"h":13},
	"rotated": false,
	"trimmed": true,
	"spriteSourceSize": {"x":17,"y":5,"w":58,"h":13},
	"sourceSize": {"w":90,"h":28}
},
"e8":
{
	"frame": {"x":510,"y":511,"w":52,"h":11},
	"rotated": false,
	"trimmed": true,
	"spriteSourceSize": {"x":20,"y":8,"w":52,"h":11},
	"sourceSize": {"w":97,"h":27}
},
"e16":
{
	"frame": {"x":529,"y":949,"w":59,"h":7},
	"rotated": false,
	"trimmed": true,
	"spriteSourceSize": {"x":20,"y":10,"w":59,"h":7},
	"sourceSize": {"w":97,"h":29}
},
"e32":
{
	"frame": {"x":509,"y":114,"w":55,"h":13},
	"rotated": false,
	"trimmed": true,
	"spriteSourceSize": {"x":28,"y":8,"w":55,"h":13},
	"sourceSize": {"w":111,"h":23}
},
"e64":
{
	"frame": {"x":332,"y":1220,"w":64,"h":18},
	"rotated": false,
	"trimmed": true,
	"spriteSourceSize": {"x":22,"y":3,"w":64,"h":18},
	"sourceSize": {"w":112,"h":23}
},
"e128":
{
	"frame": {"x":510,"y":492,"w":53,"h":15},
	"rotated": false,
	"trimmed": true,
	"spriteSourceSize": {"x":27,"y":9,"w":53,"h":15},
	"sourceSize": {"w":111,"h":25}
},
"e256":
{
	"frame": {"x":388,"y":114,"w":48,"h":18},
	"rotated": false,
	"trimmed": true,
	"spriteSourceSize": {"x":33,"y":3,"w":48,"h":18},
	"sourceSize": {"w":118,"h":22}
},
"e512":
{
	"frame": {"x":504,"y":526,"w":61,"h":15},
	"rotated": false,
	"trimmed": true,
	"spriteSourceSize": {"x":36,"y":8,"w":61,"h":15},
	"sourceSize": {"w":129,"h":46}
},
"e1024":
{
	"frame": {"x":373,"y":1197,"w":63,"h":18},
	"rotated": false,
	"trimmed": true,
	"spriteSourceSize": {"x":2,"y":0,"w":63,"h":18},
	"sourceSize": {"w":66,"h":30}
},
"e2048":
{
	"frame": {"x":895,"y":1222,"w":64,"h":16},
	"rotated": false,
	"trimmed": true,
	"spriteSourceSize": {"x":1,"y":4,"w":64,"h":16},
	"sourceSize": {"w":68,"h":31}
},
"e4096":
{
	"frame": {"x":252,"y":1220,"w":55,"h":19},
	"rotated": false,
	"trimmed": true,
	"spriteSourceSize": {"x":0,"y":0,"w":55,"h":19},
	"sourceSize": {"w":55,"h":56}
},
"e8192":
{
	"frame": {"x":673,"y":1180,"w":47,"h":12},
	"rotated": false,
	"trimmed": true,
	"spriteSourceSize": {"x":0,"y":0,"w":47,"h":12},
	"sourceSize": {"w":47,"h":33}
},
"e8192b":
{
	"frame": {"x":1009,"y":948,"w":39,"h":11},
	"rotated": false,
	"trimmed": false,
	"spriteSourceSize": {"x":0,"y":0,"w":39,"h":11},
	"sourceSize": {"w":39,"h":11}
},
"eoil":
{
	"frame": {"x":440,"y":114,"w":65,"h":17},
	"rotated": false,
	"trimmed": true,
	"spriteSourceSize": {"x":1,"y":7,"w":65,"h":17},
	"sourceSize": {"w":68,"h":31}
},
"esquare":
{
	"frame": {"x":1037,"y":530,"w":63,"h":14},
	"rotated": false,
	"trimmed": false,
	"spriteSourceSize": {"x":0,"y":0,"w":63,"h":14},
	"sourceSize": {"w":63,"h":14}
},
"fastEffect":
{
	"frame": {"x":388,"y":841,"w":96,"h":128},
	"rotated": false,
	"trimmed": false,
	"spriteSourceSize": {"x":0,"y":0,"w":96,"h":128},
	"sourceSize": {"w":96,"h":128}
},
"FlyBG":
{
	"frame": {"x":388,"y":139,"w":326,"h":257},
	"rotated": false,
	"trimmed": false,
	"spriteSourceSize": {"x":0,"y":0,"w":326,"h":257},
	"sourceSize": {"w":326,"h":257}
},
"FlyGroup":
{
	"frame": {"x":734,"y":610,"w":264,"h":63},
	"rotated": false,
	"trimmed": false,
	"spriteSourceSize": {"x":0,"y":0,"w":264,"h":63},
	"sourceSize": {"w":264,"h":63}
},
"footer":
{
	"frame": {"x":440,"y":1197,"w":290,"h":41},
	"rotated": false,
	"trimmed": false,
	"spriteSourceSize": {"x":0,"y":0,"w":290,"h":41},
	"sourceSize": {"w":290,"h":41}
},
"freezeEffect":
{
	"frame": {"x":504,"y":545,"w":192,"h":256},
	"rotated": false,
	"trimmed": false,
	"spriteSourceSize": {"x":0,"y":0,"w":192,"h":256},
	"sourceSize": {"w":192,"h":256}
},
"fxEvolve":
{
	"frame": {"x":592,"y":949,"w":75,"h":75},
	"rotated": false,
	"trimmed": false,
	"spriteSourceSize": {"x":0,"y":0,"w":75,"h":75},
	"sourceSize": {"w":75,"h":75}
},
"fxJoin":
{
	"frame": {"x":1127,"y":1155,"w":50,"h":50},
	"rotated": false,
	"trimmed": false,
	"spriteSourceSize": {"x":0,"y":0,"w":50,"h":50},
	"sourceSize": {"w":50,"h":50}
},
"fxPart":
{
	"frame": {"x":1008,"y":1048,"w":71,"h":70},
	"rotated": false,
	"trimmed": false,
	"spriteSourceSize": {"x":0,"y":0,"w":71,"h":70},
	"sourceSize": {"w":71,"h":70}
},
"GameOverBgJelly":
{
	"frame": {"x":1037,"y":548,"w":199,"h":112},
	"rotated": false,
	"trimmed": false,
	"spriteSourceSize": {"x":0,"y":0,"w":199,"h":112},
	"sourceSize": {"w":199,"h":112}
},
"hex":
{
	"frame": {"x":1150,"y":771,"w":90,"h":58},
	"rotated": false,
	"trimmed": false,
	"spriteSourceSize": {"x":0,"y":0,"w":90,"h":58},
	"sourceSize": {"w":90,"h":58}
},
"itemBg":
{
	"frame": {"x":569,"y":1137,"w":48,"h":56},
	"rotated": false,
	"trimmed": false,
	"spriteSourceSize": {"x":0,"y":0,"w":48,"h":56},
	"sourceSize": {"w":48,"h":56}
},
"itemBgDisabled":
{
	"frame": {"x":621,"y":1137,"w":48,"h":56},
	"rotated": false,
	"trimmed": false,
	"spriteSourceSize": {"x":0,"y":0,"w":48,"h":56},
	"sourceSize": {"w":48,"h":56}
},
"itemClean":
{
	"frame": {"x":1010,"y":1122,"w":59,"h":75},
	"rotated": false,
	"trimmed": true,
	"spriteSourceSize": {"x":8,"y":0,"w":59,"h":75},
	"sourceSize": {"w":75,"h":75}
},
"itemFast":
{
	"frame": {"x":1055,"y":928,"w":73,"h":75},
	"rotated": false,
	"trimmed": true,
	"spriteSourceSize": {"x":1,"y":0,"w":73,"h":75},
	"sourceSize": {"w":75,"h":75}
},
"itemPack":
{
	"frame": {"x":1056,"y":779,"w":75,"h":72},
	"rotated": false,
	"trimmed": true,
	"spriteSourceSize": {"x":0,"y":1,"w":75,"h":72},
	"sourceSize": {"w":75,"h":75}
},
"itemRevive":
{
	"frame": {"x":1056,"y":855,"w":75,"h":69},
	"rotated": false,
	"trimmed": true,
	"spriteSourceSize": {"x":0,"y":3,"w":75,"h":69},
	"sourceSize": {"w":75,"h":75}
},
"itemTime":
{
	"frame": {"x":671,"y":943,"w":75,"h":75},
	"rotated": false,
	"trimmed": false,
	"spriteSourceSize": {"x":0,"y":0,"w":75,"h":75},
	"sourceSize": {"w":75,"h":75}
},
"j-1":
{
	"frame": {"x":700,"y":784,"w":60,"h":49},
	"rotated": false,
	"trimmed": true,
	"spriteSourceSize": {"x":1,"y":0,"w":60,"h":49},
	"sourceSize": {"w":62,"h":49}
},
"j1":
{
	"frame": {"x":935,"y":1027,"w":69,"h":60},
	"rotated": false,
	"trimmed": false,
	"spriteSourceSize": {"x":0,"y":0,"w":69,"h":60},
	"sourceSize": {"w":69,"h":60}
},
"j2":
{
	"frame": {"x":750,"y":941,"w":85,"h":82},
	"rotated": false,
	"trimmed": false,
	"spriteSourceSize": {"x":0,"y":0,"w":85,"h":82},
	"sourceSize": {"w":85,"h":82}
},
"j4":
{
	"frame": {"x":1150,"y":682,"w":90,"h":85},
	"rotated": false,
	"trimmed": false,
	"spriteSourceSize": {"x":0,"y":0,"w":90,"h":85},
	"sourceSize": {"w":90,"h":85}
},
"j8":
{
	"frame": {"x":1135,"y":833,"w":97,"h":92},
	"rotated": false,
	"trimmed": false,
	"spriteSourceSize": {"x":0,"y":0,"w":97,"h":92},
	"sourceSize": {"w":97,"h":92}
},
"j16":
{
	"frame": {"x":1049,"y":682,"w":97,"h":93},
	"rotated": false,
	"trimmed": false,
	"spriteSourceSize": {"x":0,"y":0,"w":97,"h":93},
	"sourceSize": {"w":97,"h":93}
},
"j32":
{
	"frame": {"x":529,"y":840,"w":111,"h":105},
	"rotated": false,
	"trimmed": false,
	"spriteSourceSize": {"x":0,"y":0,"w":111,"h":105},
	"sourceSize": {"w":111,"h":105}
},
"j64":
{
	"frame": {"x":388,"y":731,"w":111,"h":106},
	"rotated": false,
	"trimmed": true,
	"spriteSourceSize": {"x":0,"y":0,"w":111,"h":106},
	"sourceSize": {"w":112,"h":106}
},
"j128":
{
	"frame": {"x":388,"y":621,"w":111,"h":106},
	"rotated": false,
	"trimmed": false,
	"spriteSourceSize": {"x":0,"y":0,"w":111,"h":106},
	"sourceSize": {"w":111,"h":106}
},
"j256":
{
	"frame": {"x":388,"y":400,"w":118,"h":108},
	"rotated": false,
	"trimmed": false,
	"spriteSourceSize": {"x":0,"y":0,"w":118,"h":108},
	"sourceSize": {"w":118,"h":108}
},
"j512":
{
	"frame": {"x":1104,"y":283,"w":127,"h":133},
	"rotated": false,
	"trimmed": true,
	"spriteSourceSize": {"x":1,"y":0,"w":127,"h":133},
	"sourceSize": {"w":129,"h":133}
},
"j1024":
{
	"frame": {"x":1104,"y":420,"w":127,"h":121},
	"rotated": false,
	"trimmed": true,
	"spriteSourceSize": {"x":1,"y":1,"w":127,"h":121},
	"sourceSize": {"w":129,"h":123}
},
"j2048":
{
	"frame": {"x":895,"y":1126,"w":111,"h":92},
	"rotated": false,
	"trimmed": false,
	"spriteSourceSize": {"x":0,"y":0,"w":111,"h":92},
	"sourceSize": {"w":111,"h":92}
},
"j4096":
{
	"frame": {"x":569,"y":400,"w":145,"h":138},
	"rotated": false,
	"trimmed": true,
	"spriteSourceSize": {"x":1,"y":0,"w":145,"h":138},
	"sourceSize": {"w":147,"h":140}
},
"j8192":
{
	"frame": {"x":1104,"y":0,"w":133,"h":144},
	"rotated": false,
	"trimmed": false,
	"spriteSourceSize": {"x":0,"y":0,"w":133,"h":144},
	"sourceSize": {"w":133,"h":144}
},
"j8192b":
{
	"frame": {"x":569,"y":0,"w":154,"h":135},
	"rotated": false,
	"trimmed": true,
	"spriteSourceSize": {"x":0,"y":0,"w":154,"h":135},
	"sourceSize": {"w":155,"h":140}
},
"joil":
{
	"frame": {"x":660,"y":1028,"w":111,"h":104},
	"rotated": false,
	"trimmed": true,
	"spriteSourceSize": {"x":1,"y":0,"w":111,"h":104},
	"sourceSize": {"w":112,"h":104}
},
"jsquare":
{
	"frame": {"x":388,"y":512,"w":112,"h":105},
	"rotated": false,
	"trimmed": false,
	"spriteSourceSize": {"x":0,"y":0,"w":112,"h":105},
	"sourceSize": {"w":112,"h":105}
},
"loadingBall":
{
	"frame": {"x":700,"y":554,"w":24,"h":24},
	"rotated": false,
	"trimmed": false,
	"spriteSourceSize": {"x":0,"y":0,"w":24,"h":24},
	"sourceSize": {"w":24,"h":24}
},
"lucky":
{
	"frame": {"x":1037,"y":451,"w":63,"h":75},
	"rotated": false,
	"trimmed": true,
	"spriteSourceSize": {"x":6,"y":0,"w":63,"h":75},
	"sourceSize": {"w":75,"h":75}
},
"motion":
{
	"frame": {"x":1132,"y":929,"w":69,"h":60},
	"rotated": false,
	"trimmed": false,
	"spriteSourceSize": {"x":0,"y":0,"w":69,"h":60},
	"sourceSize": {"w":69,"h":60}
},
"movement":
{
	"frame": {"x":595,"y":805,"w":77,"h":28},
	"rotated": false,
	"trimmed": false,
	"spriteSourceSize": {"x":0,"y":0,"w":77,"h":28},
	"sourceSize": {"w":77,"h":28}
},
"movement2":
{
	"frame": {"x":183,"y":1220,"w":65,"h":20},
	"rotated": false,
	"trimmed": false,
	"spriteSourceSize": {"x":0,"y":0,"w":65,"h":20},
	"sourceSize": {"w":65,"h":20}
},
"movement_surprise":
{
	"frame": {"x":503,"y":805,"w":88,"h":31},
	"rotated": false,
	"trimmed": false,
	"spriteSourceSize": {"x":0,"y":0,"w":88,"h":31},
	"sourceSize": {"w":88,"h":31}
},
"n1":
{
	"frame": {"x":996,"y":682,"w":49,"h":94},
	"rotated": false,
	"trimmed": false,
	"spriteSourceSize": {"x":0,"y":0,"w":49,"h":94},
	"sourceSize": {"w":49,"h":94}
},
"n2":
{
	"frame": {"x":938,"y":835,"w":73,"h":94},
	"rotated": false,
	"trimmed": false,
	"spriteSourceSize": {"x":0,"y":0,"w":73,"h":94},
	"sourceSize": {"w":73,"h":94}
},
"n3":
{
	"frame": {"x":859,"y":1027,"w":72,"h":95},
	"rotated": false,
	"trimmed": false,
	"spriteSourceSize": {"x":0,"y":0,"w":72,"h":95},
	"sourceSize": {"w":72,"h":95}
},
"Particle":
{
	"frame": {"x":718,"y":139,"w":8,"h":16},
	"rotated": false,
	"trimmed": false,
	"spriteSourceSize": {"x":0,"y":0,"w":8,"h":16},
	"sourceSize": {"w":8,"h":16}
},
"pediaItem":
{
	"frame": {"x":734,"y":451,"w":299,"h":103},
	"rotated": false,
	"trimmed": false,
	"spriteSourceSize": {"x":0,"y":0,"w":299,"h":103},
	"sourceSize": {"w":299,"h":103}
},
"popupdark":
{
	"frame": {"x":1083,"y":1045,"w":48,"h":64},
	"rotated": false,
	"trimmed": false,
	"spriteSourceSize": {"x":0,"y":0,"w":48,"h":64},
	"sourceSize": {"w":48,"h":64}
},
"powerTip":
{
	"frame": {"x":311,"y":1220,"w":17,"h":19},
	"rotated": false,
	"trimmed": false,
	"spriteSourceSize": {"x":0,"y":0,"w":17,"h":19},
	"sourceSize": {"w":17,"h":19}
},
"reviveEffect":
{
	"frame": {"x":373,"y":1032,"w":192,"h":161},
	"rotated": false,
	"trimmed": true,
	"spriteSourceSize": {"x":0,"y":36,"w":192,"h":161},
	"sourceSize": {"w":192,"h":256}
},
"ScrollMask":
{
	"frame": {"x":0,"y":1032,"w":179,"h":204},
	"rotated": false,
	"trimmed": true,
	"spriteSourceSize": {"x":2,"y":14,"w":179,"h":204},
	"sourceSize": {"w":183,"h":224}
},
"shadow":
{
	"frame": {"x":510,"y":400,"w":54,"h":23},
	"rotated": false,
	"trimmed": false,
	"spriteSourceSize": {"x":0,"y":0,"w":54,"h":23},
	"sourceSize": {"w":54,"h":23}
},
"star":
{
	"frame": {"x":1051,"y":1007,"w":35,"h":34},
	"rotated": false,
	"trimmed": false,
	"spriteSourceSize": {"x":0,"y":0,"w":35,"h":34},
	"sourceSize": {"w":35,"h":34}
},
"starOff":
{
	"frame": {"x":1015,"y":877,"w":36,"h":35},
	"rotated": false,
	"trimmed": false,
	"spriteSourceSize": {"x":0,"y":0,"w":36,"h":35},
	"sourceSize": {"w":36,"h":35}
},
"title_jelly_1":
{
	"frame": {"x":569,"y":1028,"w":87,"h":105},
	"rotated": false,
	"trimmed": false,
	"spriteSourceSize": {"x":0,"y":0,"w":87,"h":105},
	"sourceSize": {"w":87,"h":105}
},
"title_jelly_2":
{
	"frame": {"x":734,"y":1136,"w":76,"h":102},
	"rotated": false,
	"trimmed": false,
	"spriteSourceSize": {"x":0,"y":0,"w":76,"h":102},
	"sourceSize": {"w":76,"h":102}
},
"title_jelly_3":
{
	"frame": {"x":775,"y":1027,"w":80,"h":99},
	"rotated": false,
	"trimmed": false,
	"spriteSourceSize": {"x":0,"y":0,"w":80,"h":99},
	"sourceSize": {"w":80,"h":99}
},
"title_jelly_4":
{
	"frame": {"x":814,"y":1130,"w":77,"h":99},
	"rotated": false,
	"trimmed": false,
	"spriteSourceSize": {"x":0,"y":0,"w":77,"h":99},
	"sourceSize": {"w":77,"h":99}
},
"title_jelly_5":
{
	"frame": {"x":723,"y":837,"w":107,"h":100},
	"rotated": false,
	"trimmed": false,
	"spriteSourceSize": {"x":0,"y":0,"w":107,"h":100},
	"sourceSize": {"w":107,"h":100}
},
"title_join_1":
{
	"frame": {"x":644,"y":837,"w":75,"h":102},
	"rotated": false,
	"trimmed": false,
	"spriteSourceSize": {"x":0,"y":0,"w":75,"h":102},
	"sourceSize": {"w":75,"h":102}
},
"title_join_2":
{
	"frame": {"x":928,"y":939,"w":77,"h":84},
	"rotated": false,
	"trimmed": false,
	"spriteSourceSize": {"x":0,"y":0,"w":77,"h":84},
	"sourceSize": {"w":77,"h":84}
},
"title_join_3":
{
	"frame": {"x":488,"y":841,"w":37,"h":115},
	"rotated": false,
	"trimmed": false,
	"spriteSourceSize": {"x":0,"y":0,"w":37,"h":115},
	"sourceSize": {"w":37,"h":115}
},
"title_join_4":
{
	"frame": {"x":839,"y":939,"w":85,"h":84},
	"rotated": false,
	"trimmed": false,
	"spriteSourceSize": {"x":0,"y":0,"w":85,"h":84},
	"sourceSize": {"w":85,"h":84}
},
"tutorialFinger":
{
	"frame": {"x":1073,"y":1122,"w":50,"h":69},
	"rotated": false,
	"trimmed": false,
	"spriteSourceSize": {"x":0,"y":0,"w":50,"h":69},
	"sourceSize": {"w":50,"h":69}
},
"tutorialFingerDown":
{
	"frame": {"x":528,"y":960,"w":50,"h":64},
	"rotated": false,
	"trimmed": false,
	"spriteSourceSize": {"x":0,"y":0,"w":50,"h":64},
	"sourceSize": {"w":50,"h":64}
},
"unchecked":
{
	"frame": {"x":960,"y":784,"w":38,"h":41},
	"rotated": false,
	"trimmed": false,
	"spriteSourceSize": {"x":0,"y":0,"w":38,"h":41},
	"sourceSize": {"w":38,"h":41}
}},
"meta": {
	"app": "http://www.codeandweb.com/texturepacker",
	"version": "1.0",
	"image": "Sprites-1@0.25x.png",
	"format": "RGBA8888",
	"size": {"w":1240,"h":1240},
	"scale": "0.25",
	"smartupdate": "$TexturePacker:SmartUpdate:b9cab2d0f83cded91f1f66b62938709a:dbda0408a3f07b676f048d761bc74680:884199b1a8453e651672ba386c3c233a$"
}
}
