{"frames": {

"Background":
{
	"frame": {"x":1541,"y":0,"w":1537,"h":2048},
	"rotated": false,
	"trimmed": false,
	"spriteSourceSize": {"x":0,"y":0,"w":1537,"h":2048},
	"sourceSize": {"w":1537,"h":2048}
},
"BackMain":
{
	"frame": {"x":0,"y":0,"w":1537,"h":2048},
	"rotated": false,
	"trimmed": false,
	"spriteSourceSize": {"x":0,"y":0,"w":1537,"h":2048},
	"sourceSize": {"w":1537,"h":2048}
},
"BigBG":
{
	"frame": {"x":0,"y":2052,"w":1463,"h":1788},
	"rotated": false,
	"trimmed": false,
	"spriteSourceSize": {"x":0,"y":0,"w":1463,"h":1788},
	"sourceSize": {"w":1463,"h":1788}
},
"bonus_bar":
{
	"frame": {"x":3082,"y":0,"w":939,"h":57},
	"rotated": false,
	"trimmed": false,
	"spriteSourceSize": {"x":0,"y":0,"w":939,"h":57},
	"sourceSize": {"w":939,"h":57}
},
"bonus_icon":
{
	"frame": {"x":1060,"y":3844,"w":213,"h":243},
	"rotated": false,
	"trimmed": false,
	"spriteSourceSize": {"x":0,"y":0,"w":213,"h":243},
	"sourceSize": {"w":213,"h":243}
},
"BtBack":
{
	"frame": {"x":3883,"y":1863,"w":201,"h":201},
	"rotated": false,
	"trimmed": false,
	"spriteSourceSize": {"x":0,"y":0,"w":201,"h":201},
	"sourceSize": {"w":201,"h":201}
},
"BtHome":
{
	"frame": {"x":3872,"y":2303,"w":201,"h":201},
	"rotated": false,
	"trimmed": false,
	"spriteSourceSize": {"x":0,"y":0,"w":201,"h":201},
	"sourceSize": {"w":201,"h":201}
},
"BtMusic":
{
	"frame": {"x":3547,"y":3301,"w":178,"h":188},
	"rotated": false,
	"trimmed": false,
	"spriteSourceSize": {"x":0,"y":0,"w":178,"h":188},
	"sourceSize": {"w":178,"h":188}
},
"BtMusicOff":
{
	"frame": {"x":3729,"y":3301,"w":178,"h":188},
	"rotated": false,
	"trimmed": false,
	"spriteSourceSize": {"x":0,"y":0,"w":178,"h":188},
	"sourceSize": {"w":178,"h":188}
},
"BtPlusMini":
{
	"frame": {"x":4023,"y":81,"w":63,"h":66},
	"rotated": false,
	"trimmed": false,
	"spriteSourceSize": {"x":0,"y":0,"w":63,"h":66},
	"sourceSize": {"w":63,"h":66}
},
"BtSound":
{
	"frame": {"x":3858,"y":3106,"w":178,"h":187},
	"rotated": false,
	"trimmed": false,
	"spriteSourceSize": {"x":0,"y":0,"w":178,"h":187},
	"sourceSize": {"w":178,"h":187}
},
"BtTextBg":
{
	"frame": {"x":3376,"y":3498,"w":694,"h":212},
	"rotated": false,
	"trimmed": false,
	"spriteSourceSize": {"x":0,"y":0,"w":694,"h":212},
	"sourceSize": {"w":694,"h":212}
},
"check":
{
	"frame": {"x":3883,"y":1644,"w":202,"h":161},
	"rotated": false,
	"trimmed": false,
	"spriteSourceSize": {"x":0,"y":0,"w":202,"h":161},
	"sourceSize": {"w":202,"h":161}
},
"cleanEffect":
{
	"frame": {"x":1467,"y":3082,"w":741,"h":735},
	"rotated": false,
	"trimmed": true,
	"spriteSourceSize": {"x":21,"y":0,"w":741,"h":735},
	"sourceSize": {"w":768,"h":735}
},
"DIAStudioLogo":
{
	"frame": {"x":3548,"y":1070,"w":521,"h":522},
	"rotated": false,
	"trimmed": false,
	"spriteSourceSize": {"x":0,"y":0,"w":521,"h":522},
	"sourceSize": {"w":521,"h":522}
},
"e-1":
{
	"frame": {"x":3432,"y":1418,"w":101,"h":22},
	"rotated": false,
	"trimmed": true,
	"spriteSourceSize": {"x":74,"y":57,"w":101,"h":22},
	"sourceSize": {"w":249,"h":92}
},
"e1":
{
	"frame": {"x":3911,"y":3451,"w":142,"h":39},
	"rotated": false,
	"trimmed": true,
	"spriteSourceSize": {"x":0,"y":4,"w":142,"h":39},
	"sourceSize": {"w":142,"h":48}
},
"e2":
{
	"frame": {"x":3911,"y":3365,"w":171,"h":34},
	"rotated": false,
	"trimmed": true,
	"spriteSourceSize": {"x":85,"y":32,"w":171,"h":34},
	"sourceSize": {"w":339,"h":99}
},
"e4":
{
	"frame": {"x":3872,"y":2090,"w":221,"h":41},
	"rotated": false,
	"trimmed": true,
	"spriteSourceSize": {"x":74,"y":25,"w":221,"h":41},
	"sourceSize": {"w":358,"h":110}
},
"e16":
{
	"frame": {"x":3872,"y":2068,"w":223,"h":18},
	"rotated": false,
	"trimmed": true,
	"spriteSourceSize": {"x":86,"y":45,"w":223,"h":18},
	"sourceSize": {"w":386,"h":116}
},
"e32":
{
	"frame": {"x":3883,"y":1596,"w":213,"h":44},
	"rotated": false,
	"trimmed": true,
	"spriteSourceSize": {"x":116,"y":36,"w":213,"h":44},
	"sourceSize": {"w":444,"h":93}
},
"e128":
{
	"frame": {"x":3883,"y":1809,"w":202,"h":50},
	"rotated": false,
	"trimmed": true,
	"spriteSourceSize": {"x":112,"y":40,"w":202,"h":50},
	"sourceSize": {"w":444,"h":99}
},
"e256":
{
	"frame": {"x":3911,"y":3297,"w":181,"h":64},
	"rotated": false,
	"trimmed": true,
	"spriteSourceSize": {"x":138,"y":17,"w":181,"h":64},
	"sourceSize": {"w":471,"h":89}
},
"e512":
{
	"frame": {"x":3861,"y":2699,"w":233,"h":53},
	"rotated": false,
	"trimmed": true,
	"spriteSourceSize": {"x":149,"y":35,"w":233,"h":53},
	"sourceSize": {"w":517,"h":183}
},
"e4096":
{
	"frame": {"x":3872,"y":2135,"w":217,"h":70},
	"rotated": false,
	"trimmed": true,
	"spriteSourceSize": {"x":0,"y":0,"w":217,"h":70},
	"sourceSize": {"w":218,"h":225}
},
"e8192":
{
	"frame": {"x":3911,"y":3060,"w":184,"h":42},
	"rotated": false,
	"trimmed": true,
	"spriteSourceSize": {"x":1,"y":0,"w":184,"h":42},
	"sourceSize": {"w":186,"h":133}
},
"e8192b":
{
	"frame": {"x":3911,"y":3403,"w":157,"h":44},
	"rotated": false,
	"trimmed": false,
	"spriteSourceSize": {"x":0,"y":0,"w":157,"h":44},
	"sourceSize": {"w":157,"h":44}
},
"FlyBG":
{
	"frame": {"x":1467,"y":2052,"w":1305,"h":1026},
	"rotated": false,
	"trimmed": false,
	"spriteSourceSize": {"x":0,"y":0,"w":1305,"h":1026},
	"sourceSize": {"w":1305,"h":1026}
},
"FlyGroup":
{
	"frame": {"x":0,"y":3844,"w":1056,"h":250},
	"rotated": false,
	"trimmed": false,
	"spriteSourceSize": {"x":0,"y":0,"w":1056,"h":250},
	"sourceSize": {"w":1056,"h":250}
},
"freezeEffect":
{
	"frame": {"x":2776,"y":2052,"w":768,"h":1024},
	"rotated": false,
	"trimmed": false,
	"spriteSourceSize": {"x":0,"y":0,"w":768,"h":1024},
	"sourceSize": {"w":768,"h":1024}
},
"GameOverBgJelly":
{
	"frame": {"x":3082,"y":1596,"w":797,"h":447},
	"rotated": false,
	"trimmed": false,
	"spriteSourceSize": {"x":0,"y":0,"w":797,"h":447},
	"sourceSize": {"w":797,"h":447}
},
"itemBg":
{
	"frame": {"x":2984,"y":3498,"w":192,"h":225},
	"rotated": false,
	"trimmed": false,
	"spriteSourceSize": {"x":0,"y":0,"w":192,"h":225},
	"sourceSize": {"w":192,"h":225}
},
"itemBgDisabled":
{
	"frame": {"x":3180,"y":3498,"w":192,"h":225},
	"rotated": false,
	"trimmed": false,
	"spriteSourceSize": {"x":0,"y":0,"w":192,"h":225},
	"sourceSize": {"w":192,"h":225}
},
"itemClean":
{
	"frame": {"x":3861,"y":2756,"w":227,"h":300},
	"rotated": false,
	"trimmed": true,
	"spriteSourceSize": {"x":36,"y":0,"w":227,"h":300},
	"sourceSize": {"w":300,"h":300}
},
"itemRevive":
{
	"frame": {"x":1761,"y":3821,"w":300,"h":268},
	"rotated": false,
	"trimmed": true,
	"spriteSourceSize": {"x":0,"y":17,"w":300,"h":268},
	"sourceSize": {"w":300,"h":300}
},
"j-1":
{
	"frame": {"x":3861,"y":2508,"w":235,"h":187},
	"rotated": false,
	"trimmed": true,
	"spriteSourceSize": {"x":7,"y":4,"w":235,"h":187},
	"sourceSize": {"w":249,"h":194}
},
"j1":
{
	"frame": {"x":1277,"y":3844,"w":276,"h":239},
	"rotated": false,
	"trimmed": true,
	"spriteSourceSize": {"x":0,"y":1,"w":276,"h":239},
	"sourceSize": {"w":276,"h":241}
},
"j8":
{
	"frame": {"x":3107,"y":3727,"w":385,"h":366},
	"rotated": false,
	"trimmed": true,
	"spriteSourceSize": {"x":0,"y":1,"w":385,"h":366},
	"sourceSize": {"w":386,"h":367}
},
"j16":
{
	"frame": {"x":2270,"y":3727,"w":386,"h":369},
	"rotated": false,
	"trimmed": true,
	"spriteSourceSize": {"x":0,"y":1,"w":386,"h":369},
	"sourceSize": {"w":386,"h":370}
},
"j32":
{
	"frame": {"x":3082,"y":484,"w":444,"h":420},
	"rotated": false,
	"trimmed": true,
	"spriteSourceSize": {"x":0,"y":1,"w":444,"h":420},
	"sourceSize": {"w":444,"h":421}
},
"j64":
{
	"frame": {"x":3107,"y":3080,"w":436,"h":414},
	"rotated": false,
	"trimmed": true,
	"spriteSourceSize": {"x":3,"y":5,"w":436,"h":414},
	"sourceSize": {"w":446,"h":425}
},
"j128":
{
	"frame": {"x":3082,"y":908,"w":443,"h":423},
	"rotated": false,
	"trimmed": true,
	"spriteSourceSize": {"x":1,"y":0,"w":443,"h":423},
	"sourceSize": {"w":444,"h":423}
},
"j256":
{
	"frame": {"x":3548,"y":61,"w":471,"h":431},
	"rotated": false,
	"trimmed": false,
	"spriteSourceSize": {"x":0,"y":0,"w":471,"h":431},
	"sourceSize": {"w":471,"h":431}
},
"j2048":
{
	"frame": {"x":2660,"y":3727,"w":443,"h":367},
	"rotated": false,
	"trimmed": true,
	"spriteSourceSize": {"x":1,"y":1,"w":443,"h":367},
	"sourceSize": {"w":444,"h":369}
},
"j8192":
{
	"frame": {"x":3548,"y":496,"w":521,"h":570},
	"rotated": false,
	"trimmed": true,
	"spriteSourceSize": {"x":6,"y":4,"w":521,"h":570},
	"sourceSize": {"w":532,"h":577}
},
"jsquare":
{
	"frame": {"x":3082,"y":61,"w":446,"h":419},
	"rotated": false,
	"trimmed": true,
	"spriteSourceSize": {"x":0,"y":1,"w":446,"h":419},
	"sourceSize": {"w":446,"h":420}
},
"loadingBall":
{
	"frame": {"x":3432,"y":1444,"w":92,"h":96},
	"rotated": false,
	"trimmed": true,
	"spriteSourceSize": {"x":2,"y":1,"w":92,"h":96},
	"sourceSize": {"w":94,"h":97}
},
"movement":
{
	"frame": {"x":3548,"y":2845,"w":309,"h":111},
	"rotated": false,
	"trimmed": false,
	"spriteSourceSize": {"x":0,"y":0,"w":309,"h":111},
	"sourceSize": {"w":309,"h":111}
},
"movement2":
{
	"frame": {"x":3278,"y":1335,"w":259,"h":79},
	"rotated": false,
	"trimmed": false,
	"spriteSourceSize": {"x":0,"y":0,"w":259,"h":79},
	"sourceSize": {"w":259,"h":79}
},
"n2":
{
	"frame": {"x":3787,"y":3714,"w":290,"h":377},
	"rotated": false,
	"trimmed": false,
	"spriteSourceSize": {"x":0,"y":0,"w":290,"h":377},
	"sourceSize": {"w":290,"h":377}
},
"n3":
{
	"frame": {"x":3496,"y":3714,"w":287,"h":381},
	"rotated": false,
	"trimmed": false,
	"spriteSourceSize": {"x":0,"y":0,"w":287,"h":381},
	"sourceSize": {"w":287,"h":381}
},
"Particle":
{
	"frame": {"x":2212,"y":3727,"w":32,"h":62},
	"rotated": false,
	"trimmed": false,
	"spriteSourceSize": {"x":0,"y":0,"w":32,"h":62},
	"sourceSize": {"w":32,"h":62}
},
"popupdark":
{
	"frame": {"x":3082,"y":1335,"w":192,"h":256},
	"rotated": false,
	"trimmed": false,
	"spriteSourceSize": {"x":0,"y":0,"w":192,"h":256},
	"sourceSize": {"w":192,"h":256}
},
"powerTip":
{
	"frame": {"x":4025,"y":0,"w":67,"h":77},
	"rotated": false,
	"trimmed": false,
	"spriteSourceSize": {"x":0,"y":0,"w":67,"h":77},
	"sourceSize": {"w":67,"h":77}
},
"reviveEffect":
{
	"frame": {"x":2212,"y":3082,"w":768,"h":641},
	"rotated": false,
	"trimmed": true,
	"spriteSourceSize": {"x":0,"y":146,"w":768,"h":641},
	"sourceSize": {"w":768,"h":1024}
},
"shadow":
{
	"frame": {"x":3872,"y":2209,"w":216,"h":90},
	"rotated": false,
	"trimmed": false,
	"spriteSourceSize": {"x":0,"y":0,"w":216,"h":90},
	"sourceSize": {"w":216,"h":90}
},
"title_jelly_3":
{
	"frame": {"x":3548,"y":2047,"w":320,"h":396},
	"rotated": false,
	"trimmed": false,
	"spriteSourceSize": {"x":0,"y":0,"w":320,"h":396},
	"sourceSize": {"w":320,"h":396}
},
"title_jelly_4":
{
	"frame": {"x":3548,"y":2447,"w":309,"h":394},
	"rotated": false,
	"trimmed": false,
	"spriteSourceSize": {"x":0,"y":0,"w":309,"h":394},
	"sourceSize": {"w":309,"h":394}
},
"title_join_2":
{
	"frame": {"x":3548,"y":2960,"w":306,"h":337},
	"rotated": false,
	"trimmed": false,
	"spriteSourceSize": {"x":0,"y":0,"w":306,"h":337},
	"sourceSize": {"w":306,"h":337}
},
"tutorialFinger":
{
	"frame": {"x":1557,"y":3821,"w":200,"h":275},
	"rotated": false,
	"trimmed": false,
	"spriteSourceSize": {"x":0,"y":0,"w":200,"h":275},
	"sourceSize": {"w":200,"h":275}
},
"tutorialFingerDown":
{
	"frame": {"x":2065,"y":3821,"w":201,"h":257},
	"rotated": false,
	"trimmed": false,
	"spriteSourceSize": {"x":0,"y":0,"w":201,"h":257},
	"sourceSize": {"w":201,"h":257}
},
"unchecked":
{
	"frame": {"x":3278,"y":1418,"w":150,"h":165},
	"rotated": false,
	"trimmed": false,
	"spriteSourceSize": {"x":0,"y":0,"w":150,"h":165},
	"sourceSize": {"w":150,"h":165}
}},
"meta": {
	"app": "http://www.codeandweb.com/texturepacker",
	"version": "1.0",
	"image": "Sprites-1@1x.png",
	"format": "RGBA8888",
	"size": {"w":4096,"h":4096},
	"scale": "1",
	"smartupdate": "$TexturePacker:SmartUpdate:b9cab2d0f83cded91f1f66b62938709a:dbda0408a3f07b676f048d761bc74680:884199b1a8453e651672ba386c3c233a$"
}
}
