{"frames": {

"Background":
{
	"frame": {"x":773,"y":0,"w":769,"h":1024},
	"rotated": false,
	"trimmed": false,
	"spriteSourceSize": {"x":0,"y":0,"w":769,"h":1024},
	"sourceSize": {"w":769,"h":1024}
},
"BackMain":
{
	"frame": {"x":0,"y":0,"w":769,"h":1024},
	"rotated": false,
	"trimmed": false,
	"spriteSourceSize": {"x":0,"y":0,"w":769,"h":1024},
	"sourceSize": {"w":769,"h":1024}
},
"ballon":
{
	"frame": {"x":1515,"y":1028,"w":515,"h":206},
	"rotated": false,
	"trimmed": false,
	"spriteSourceSize": {"x":0,"y":0,"w":515,"h":206},
	"sourceSize": {"w":515,"h":206}
},
"BigBG":
{
	"frame": {"x":0,"y":1028,"w":732,"h":894},
	"rotated": false,
	"trimmed": false,
	"spriteSourceSize": {"x":0,"y":0,"w":732,"h":894},
	"sourceSize": {"w":732,"h":894}
},
"bonus_bar":
{
	"frame": {"x":1546,"y":0,"w":470,"h":29},
	"rotated": false,
	"trimmed": false,
	"spriteSourceSize": {"x":0,"y":0,"w":470,"h":29},
	"sourceSize": {"w":470,"h":29}
},
"bonus_icon":
{
	"frame": {"x":0,"y":1926,"w":107,"h":122},
	"rotated": false,
	"trimmed": false,
	"spriteSourceSize": {"x":0,"y":0,"w":107,"h":122},
	"sourceSize": {"w":107,"h":122}
},
"BtBack":
{
	"frame": {"x":1515,"y":1943,"w":101,"h":101},
	"rotated": false,
	"trimmed": false,
	"spriteSourceSize": {"x":0,"y":0,"w":101,"h":101},
	"sourceSize": {"w":101,"h":101}
},
"BtHome":
{
	"frame": {"x":1620,"y":1943,"w":101,"h":101},
	"rotated": false,
	"trimmed": false,
	"spriteSourceSize": {"x":0,"y":0,"w":101,"h":101},
	"sourceSize": {"w":101,"h":101}
},
"BtMenu":
{
	"frame": {"x":1849,"y":1943,"w":101,"h":101},
	"rotated": false,
	"trimmed": false,
	"spriteSourceSize": {"x":0,"y":0,"w":101,"h":101},
	"sourceSize": {"w":101,"h":101}
},
"BtMusic":
{
	"frame": {"x":1949,"y":228,"w":89,"h":94},
	"rotated": false,
	"trimmed": false,
	"spriteSourceSize": {"x":0,"y":0,"w":89,"h":94},
	"sourceSize": {"w":89,"h":94}
},
"BtOk":
{
	"frame": {"x":1546,"y":779,"w":101,"h":101},
	"rotated": false,
	"trimmed": false,
	"spriteSourceSize": {"x":0,"y":0,"w":101,"h":101},
	"sourceSize": {"w":101,"h":101}
},
"BtPause":
{
	"frame": {"x":1651,"y":779,"w":101,"h":101},
	"rotated": false,
	"trimmed": false,
	"spriteSourceSize": {"x":0,"y":0,"w":101,"h":101},
	"sourceSize": {"w":101,"h":101}
},
"BtPedia":
{
	"frame": {"x":1756,"y":779,"w":101,"h":101},
	"rotated": false,
	"trimmed": false,
	"spriteSourceSize": {"x":0,"y":0,"w":101,"h":101},
	"sourceSize": {"w":101,"h":101}
},
"BtPlusMini":
{
	"frame": {"x":1725,"y":1941,"w":32,"h":33},
	"rotated": false,
	"trimmed": false,
	"spriteSourceSize": {"x":0,"y":0,"w":32,"h":33},
	"sourceSize": {"w":32,"h":33}
},
"BtRestart":
{
	"frame": {"x":1804,"y":884,"w":101,"h":101},
	"rotated": false,
	"trimmed": false,
	"spriteSourceSize": {"x":0,"y":0,"w":101,"h":101},
	"sourceSize": {"w":101,"h":101}
},
"BtSettings":
{
	"frame": {"x":1909,"y":884,"w":101,"h":101},
	"rotated": false,
	"trimmed": false,
	"spriteSourceSize": {"x":0,"y":0,"w":101,"h":101},
	"sourceSize": {"w":101,"h":101}
},
"BtTextBg":
{
	"frame": {"x":1500,"y":1806,"w":347,"h":106},
	"rotated": false,
	"trimmed": false,
	"spriteSourceSize": {"x":0,"y":0,"w":347,"h":106},
	"sourceSize": {"w":347,"h":106}
},
"BtTextBgBlue":
{
	"frame": {"x":1546,"y":669,"w":347,"h":106},
	"rotated": false,
	"trimmed": false,
	"spriteSourceSize": {"x":0,"y":0,"w":347,"h":106},
	"sourceSize": {"w":347,"h":106}
},
"cleanEffect":
{
	"frame": {"x":736,"y":1545,"w":372,"h":368},
	"rotated": false,
	"trimmed": true,
	"spriteSourceSize": {"x":10,"y":0,"w":372,"h":368},
	"sourceSize": {"w":384,"h":368}
},
"d256":
{
	"frame": {"x":1397,"y":1870,"w":65,"h":24},
	"rotated": false,
	"trimmed": true,
	"spriteSourceSize": {"x":47,"y":5,"w":65,"h":24},
	"sourceSize": {"w":163,"h":31}
},
"e-1":
{
	"frame": {"x":1509,"y":1238,"w":53,"h":12},
	"rotated": false,
	"trimmed": true,
	"spriteSourceSize": {"x":36,"y":28,"w":53,"h":12},
	"sourceSize": {"w":125,"h":46}
},
"e1":
{
	"frame": {"x":1695,"y":1916,"w":71,"h":21},
	"rotated": false,
	"trimmed": true,
	"spriteSourceSize": {"x":0,"y":1,"w":71,"h":21},
	"sourceSize": {"w":71,"h":24}
},
"e1_hanger":
{
	"frame": {"x":1771,"y":1754,"w":71,"h":21},
	"rotated": false,
	"trimmed": true,
	"spriteSourceSize": {"x":0,"y":1,"w":71,"h":21},
	"sourceSize": {"w":71,"h":24}
},
"e1_happy":
{
	"frame": {"x":1725,"y":2031,"w":71,"h":14},
	"rotated": false,
	"trimmed": true,
	"spriteSourceSize": {"x":0,"y":1,"w":71,"h":14},
	"sourceSize": {"w":71,"h":17}
},
"e1_sad":
{
	"frame": {"x":1771,"y":1779,"w":71,"h":20},
	"rotated": false,
	"trimmed": true,
	"spriteSourceSize": {"x":0,"y":2,"w":71,"h":20},
	"sourceSize": {"w":71,"h":24}
},
"e2":
{
	"frame": {"x":1954,"y":1981,"w":87,"h":19},
	"rotated": false,
	"trimmed": true,
	"spriteSourceSize": {"x":42,"y":15,"w":87,"h":19},
	"sourceSize": {"w":170,"h":50}
},
"e4":
{
	"frame": {"x":1393,"y":1228,"w":112,"h":22},
	"rotated": false,
	"trimmed": true,
	"spriteSourceSize": {"x":36,"y":12,"w":112,"h":22},
	"sourceSize": {"w":179,"h":55}
},
"e16":
{
	"frame": {"x":1393,"y":1214,"w":113,"h":10},
	"rotated": false,
	"trimmed": true,
	"spriteSourceSize": {"x":42,"y":22,"w":113,"h":10},
	"sourceSize": {"w":193,"h":58}
},
"e32":
{
	"frame": {"x":1725,"y":2003,"w":108,"h":24},
	"rotated": false,
	"trimmed": true,
	"spriteSourceSize": {"x":57,"y":17,"w":108,"h":24},
	"sourceSize": {"w":222,"h":47}
},
"e64":
{
	"frame": {"x":1804,"y":989,"w":124,"h":32},
	"rotated": false,
	"trimmed": true,
	"spriteSourceSize": {"x":45,"y":8,"w":124,"h":32},
	"sourceSize": {"w":223,"h":46}
},
"e128":
{
	"frame": {"x":1932,"y":989,"w":103,"h":27},
	"rotated": false,
	"trimmed": true,
	"spriteSourceSize": {"x":55,"y":19,"w":103,"h":27},
	"sourceSize": {"w":222,"h":50}
},
"e256":
{
	"frame": {"x":1954,"y":1943,"w":93,"h":34},
	"rotated": false,
	"trimmed": true,
	"spriteSourceSize": {"x":68,"y":8,"w":93,"h":34},
	"sourceSize": {"w":236,"h":45}
},
"e512":
{
	"frame": {"x":1393,"y":1028,"w":118,"h":28},
	"rotated": false,
	"trimmed": true,
	"spriteSourceSize": {"x":74,"y":17,"w":118,"h":28},
	"sourceSize": {"w":259,"h":92}
},
"e4096":
{
	"frame": {"x":1284,"y":1870,"w":109,"h":36},
	"rotated": false,
	"trimmed": true,
	"spriteSourceSize": {"x":0,"y":0,"w":109,"h":36},
	"sourceSize": {"w":109,"h":113}
},
"e8192":
{
	"frame": {"x":1515,"y":1916,"w":93,"h":22},
	"rotated": false,
	"trimmed": true,
	"spriteSourceSize": {"x":0,"y":0,"w":93,"h":22},
	"sourceSize": {"w":93,"h":67}
},
"e8192b":
{
	"frame": {"x":1612,"y":1916,"w":79,"h":22},
	"rotated": false,
	"trimmed": false,
	"spriteSourceSize": {"x":0,"y":0,"w":79,"h":22},
	"sourceSize": {"w":79,"h":22}
},
"FlyBG":
{
	"frame": {"x":736,"y":1028,"w":653,"h":513},
	"rotated": false,
	"trimmed": false,
	"spriteSourceSize": {"x":0,"y":0,"w":653,"h":513},
	"sourceSize": {"w":653,"h":513}
},
"FlyGroup":
{
	"frame": {"x":983,"y":1917,"w":528,"h":125},
	"rotated": false,
	"trimmed": false,
	"spriteSourceSize": {"x":0,"y":0,"w":528,"h":125},
	"sourceSize": {"w":528,"h":125}
},
"freezeEffect":
{
	"frame": {"x":1659,"y":1238,"w":384,"h":512},
	"rotated": false,
	"trimmed": false,
	"spriteSourceSize": {"x":0,"y":0,"w":384,"h":512},
	"sourceSize": {"w":384,"h":512}
},
"GameOverBgJelly":
{
	"frame": {"x":1546,"y":33,"w":399,"h":224},
	"rotated": false,
	"trimmed": false,
	"spriteSourceSize": {"x":0,"y":0,"w":399,"h":224},
	"sourceSize": {"w":399,"h":224}
},
"hex":
{
	"frame": {"x":395,"y":1926,"w":179,"h":115},
	"rotated": false,
	"trimmed": false,
	"spriteSourceSize": {"x":0,"y":0,"w":179,"h":115},
	"sourceSize": {"w":179,"h":115}
},
"itemBg":
{
	"frame": {"x":578,"y":1926,"w":96,"h":113},
	"rotated": false,
	"trimmed": false,
	"spriteSourceSize": {"x":0,"y":0,"w":96,"h":113},
	"sourceSize": {"w":96,"h":113}
},
"itemBgDisabled":
{
	"frame": {"x":678,"y":1926,"w":96,"h":113},
	"rotated": false,
	"trimmed": false,
	"spriteSourceSize": {"x":0,"y":0,"w":96,"h":113},
	"sourceSize": {"w":96,"h":113}
},
"itemClean":
{
	"frame": {"x":1393,"y":1060,"w":115,"h":150},
	"rotated": false,
	"trimmed": true,
	"spriteSourceSize": {"x":17,"y":0,"w":115,"h":150},
	"sourceSize": {"w":150,"h":150}
},
"itemFast":
{
	"frame": {"x":1904,"y":521,"w":144,"h":150},
	"rotated": false,
	"trimmed": true,
	"spriteSourceSize": {"x":3,"y":0,"w":144,"h":150},
	"sourceSize": {"w":150,"h":150}
},
"itemRevive":
{
	"frame": {"x":1650,"y":884,"w":150,"h":135},
	"rotated": false,
	"trimmed": true,
	"spriteSourceSize": {"x":0,"y":8,"w":150,"h":135},
	"sourceSize": {"w":150,"h":150}
},
"j1":
{
	"frame": {"x":111,"y":1926,"w":138,"h":121},
	"rotated": false,
	"trimmed": false,
	"spriteSourceSize": {"x":0,"y":0,"w":138,"h":121},
	"sourceSize": {"w":138,"h":121}
},
"j16":
{
	"frame": {"x":1851,"y":1754,"w":193,"h":185},
	"rotated": false,
	"trimmed": false,
	"spriteSourceSize": {"x":0,"y":0,"w":193,"h":185},
	"sourceSize": {"w":193,"h":185}
},
"j8192":
{
	"frame": {"x":1393,"y":1254,"w":262,"h":287},
	"rotated": false,
	"trimmed": true,
	"spriteSourceSize": {"x":2,"y":1,"w":262,"h":287},
	"sourceSize": {"w":266,"h":289}
},
"motion":
{
	"frame": {"x":253,"y":1926,"w":138,"h":120},
	"rotated": false,
	"trimmed": false,
	"spriteSourceSize": {"x":0,"y":0,"w":138,"h":120},
	"sourceSize": {"w":138,"h":120}
},
"movement":
{
	"frame": {"x":1500,"y":1746,"w":155,"h":56},
	"rotated": false,
	"trimmed": false,
	"spriteSourceSize": {"x":0,"y":0,"w":155,"h":56},
	"sourceSize": {"w":155,"h":56}
},
"movement2":
{
	"frame": {"x":1112,"y":1870,"w":130,"h":40},
	"rotated": false,
	"trimmed": false,
	"spriteSourceSize": {"x":0,"y":0,"w":130,"h":40},
	"sourceSize": {"w":130,"h":40}
},
"n1":
{
	"frame": {"x":1949,"y":35,"w":97,"h":189},
	"rotated": false,
	"trimmed": false,
	"spriteSourceSize": {"x":0,"y":0,"w":97,"h":189},
	"sourceSize": {"w":97,"h":189}
},
"n3":
{
	"frame": {"x":1904,"y":326,"w":144,"h":191},
	"rotated": false,
	"trimmed": false,
	"spriteSourceSize": {"x":0,"y":0,"w":144,"h":191},
	"sourceSize": {"w":144,"h":191}
},
"Particle":
{
	"frame": {"x":2020,"y":0,"w":16,"h":31},
	"rotated": false,
	"trimmed": false,
	"spriteSourceSize": {"x":0,"y":0,"w":16,"h":31},
	"sourceSize": {"w":16,"h":31}
},
"popupdark":
{
	"frame": {"x":883,"y":1917,"w":96,"h":128},
	"rotated": false,
	"trimmed": false,
	"spriteSourceSize": {"x":0,"y":0,"w":96,"h":128},
	"sourceSize": {"w":96,"h":128}
},
"powerTip":
{
	"frame": {"x":1246,"y":1870,"w":34,"h":39},
	"rotated": false,
	"trimmed": false,
	"spriteSourceSize": {"x":0,"y":0,"w":34,"h":39},
	"sourceSize": {"w":34,"h":39}
},
"reviveEffect":
{
	"frame": {"x":1112,"y":1545,"w":384,"h":321},
	"rotated": false,
	"trimmed": true,
	"spriteSourceSize": {"x":0,"y":73,"w":384,"h":321},
	"sourceSize": {"w":384,"h":512}
},
"ScrollMask":
{
	"frame": {"x":1546,"y":261,"w":354,"h":404},
	"rotated": false,
	"trimmed": true,
	"spriteSourceSize": {"x":6,"y":30,"w":354,"h":404},
	"sourceSize": {"w":366,"h":447}
},
"shadow":
{
	"frame": {"x":1659,"y":1754,"w":108,"h":45},
	"rotated": false,
	"trimmed": false,
	"spriteSourceSize": {"x":0,"y":0,"w":108,"h":45},
	"sourceSize": {"w":108,"h":45}
},
"title_jelly_4":
{
	"frame": {"x":1500,"y":1545,"w":155,"h":197},
	"rotated": false,
	"trimmed": false,
	"spriteSourceSize": {"x":0,"y":0,"w":155,"h":197},
	"sourceSize": {"w":155,"h":197}
},
"title_join_1":
{
	"frame": {"x":1897,"y":675,"w":150,"h":205},
	"rotated": false,
	"trimmed": false,
	"spriteSourceSize": {"x":0,"y":0,"w":150,"h":205},
	"sourceSize": {"w":150,"h":205}
},
"tutorialFinger":
{
	"frame": {"x":1546,"y":884,"w":100,"h":138},
	"rotated": false,
	"trimmed": false,
	"spriteSourceSize": {"x":0,"y":0,"w":100,"h":138},
	"sourceSize": {"w":100,"h":138}
},
"tutorialFingerDown":
{
	"frame": {"x":778,"y":1917,"w":101,"h":129},
	"rotated": false,
	"trimmed": false,
	"spriteSourceSize": {"x":0,"y":0,"w":101,"h":129},
	"sourceSize": {"w":101,"h":129}
},
"unchecked":
{
	"frame": {"x":1770,"y":1916,"w":75,"h":83},
	"rotated": false,
	"trimmed": false,
	"spriteSourceSize": {"x":0,"y":0,"w":75,"h":83},
	"sourceSize": {"w":75,"h":83}
}},
"meta": {
	"app": "http://www.codeandweb.com/texturepacker",
	"version": "1.0",
	"image": "Sprites-1@0.5x.png",
	"format": "RGBA8888",
	"size": {"w":2048,"h":2048},
	"scale": "0.5",
	"smartupdate": "$TexturePacker:SmartUpdate:b9cab2d0f83cded91f1f66b62938709a:dbda0408a3f07b676f048d761bc74680:884199b1a8453e651672ba386c3c233a$"
}
}
