{"frames": {

"ballon":
{
	"frame": {"x":1198,"y":363,"w":1030,"h":411},
	"rotated": false,
	"trimmed": false,
	"spriteSourceSize": {"x":0,"y":0,"w":1030,"h":411},
	"sourceSize": {"w":1030,"h":411}
},
"bonus_border":
{
	"frame": {"x":1198,"y":166,"w":1131,"h":193},
	"rotated": false,
	"trimmed": false,
	"spriteSourceSize": {"x":0,"y":0,"w":1131,"h":193},
	"sourceSize": {"w":1131,"h":193}
},
"BtClose":
{
	"frame": {"x":2365,"y":1789,"w":149,"h":154},
	"rotated": false,
	"trimmed": false,
	"spriteSourceSize": {"x":0,"y":0,"w":149,"h":154},
	"sourceSize": {"w":149,"h":154}
},
"BtMenu":
{
	"frame": {"x":2333,"y":191,"w":201,"h":201},
	"rotated": false,
	"trimmed": false,
	"spriteSourceSize": {"x":0,"y":0,"w":201,"h":201},
	"sourceSize": {"w":201,"h":201}
},
"BtMinimize":
{
	"frame": {"x":1359,"y":1797,"w":150,"h":154},
	"rotated": false,
	"trimmed": false,
	"spriteSourceSize": {"x":0,"y":0,"w":150,"h":154},
	"sourceSize": {"w":150,"h":154}
},
"BtOk":
{
	"frame": {"x":1085,"y":1532,"w":201,"h":201},
	"rotated": false,
	"trimmed": false,
	"spriteSourceSize": {"x":0,"y":0,"w":201,"h":201},
	"sourceSize": {"w":201,"h":201}
},
"BtPause":
{
	"frame": {"x":1290,"y":1532,"w":201,"h":201},
	"rotated": false,
	"trimmed": false,
	"spriteSourceSize": {"x":0,"y":0,"w":201,"h":201},
	"sourceSize": {"w":201,"h":201}
},
"BtPedia":
{
	"frame": {"x":1495,"y":1532,"w":201,"h":201},
	"rotated": false,
	"trimmed": false,
	"spriteSourceSize": {"x":0,"y":0,"w":201,"h":201},
	"sourceSize": {"w":201,"h":201}
},
"BtPlay":
{
	"frame": {"x":1755,"y":1122,"w":401,"h":401},
	"rotated": false,
	"trimmed": false,
	"spriteSourceSize": {"x":0,"y":0,"w":401,"h":401},
	"sourceSize": {"w":401,"h":401}
},
"BtRestart":
{
	"frame": {"x":1542,"y":1737,"w":201,"h":201},
	"rotated": false,
	"trimmed": false,
	"spriteSourceSize": {"x":0,"y":0,"w":201,"h":201},
	"sourceSize": {"w":201,"h":201}
},
"BtSettings":
{
	"frame": {"x":1513,"y":1942,"w":201,"h":201},
	"rotated": false,
	"trimmed": false,
	"spriteSourceSize": {"x":0,"y":0,"w":201,"h":201},
	"sourceSize": {"w":201,"h":201}
},
"BtSoundOff":
{
	"frame": {"x":2363,"y":0,"w":178,"h":187},
	"rotated": false,
	"trimmed": false,
	"spriteSourceSize": {"x":0,"y":0,"w":178,"h":187},
	"sourceSize": {"w":178,"h":187}
},
"BtStore":
{
	"frame": {"x":1512,"y":2147,"w":201,"h":201},
	"rotated": false,
	"trimmed": false,
	"spriteSourceSize": {"x":0,"y":0,"w":201,"h":201},
	"sourceSize": {"w":201,"h":201}
},
"BtTextBgBlue":
{
	"frame": {"x":1147,"y":778,"w":694,"h":212},
	"rotated": false,
	"trimmed": false,
	"spriteSourceSize": {"x":0,"y":0,"w":694,"h":212},
	"sourceSize": {"w":694,"h":212}
},
"d256":
{
	"frame": {"x":578,"y":1226,"w":126,"h":45},
	"rotated": false,
	"trimmed": true,
	"spriteSourceSize": {"x":95,"y":11,"w":126,"h":45},
	"sourceSize": {"w":325,"h":61}
},
"DIAStudioIco":
{
	"frame": {"x":1749,"y":2396,"w":142,"h":142},
	"rotated": false,
	"trimmed": true,
	"spriteSourceSize": {"x":13,"y":12,"w":142,"h":142},
	"sourceSize": {"w":165,"h":165}
},
"e1_hanger":
{
	"frame": {"x":708,"y":1230,"w":142,"h":39},
	"rotated": false,
	"trimmed": true,
	"spriteSourceSize": {"x":0,"y":4,"w":142,"h":39},
	"sourceSize": {"w":142,"h":48}
},
"e1_happy":
{
	"frame": {"x":507,"y":2228,"w":142,"h":25},
	"rotated": false,
	"trimmed": true,
	"spriteSourceSize": {"x":0,"y":4,"w":142,"h":25},
	"sourceSize": {"w":142,"h":34}
},
"e1_sad":
{
	"frame": {"x":854,"y":1230,"w":142,"h":38},
	"rotated": false,
	"trimmed": true,
	"spriteSourceSize": {"x":0,"y":5,"w":142,"h":38},
	"sourceSize": {"w":142,"h":48}
},
"e8":
{
	"frame": {"x":1085,"y":1761,"w":200,"h":33},
	"rotated": false,
	"trimmed": true,
	"spriteSourceSize": {"x":83,"y":37,"w":200,"h":33},
	"sourceSize": {"w":386,"h":108}
},
"e64":
{
	"frame": {"x":1245,"y":2482,"w":246,"h":59},
	"rotated": false,
	"trimmed": true,
	"spriteSourceSize": {"x":91,"y":18,"w":246,"h":59},
	"sourceSize": {"w":446,"h":91}
},
"e1024":
{
	"frame": {"x":1245,"y":2417,"w":243,"h":61},
	"rotated": false,
	"trimmed": true,
	"spriteSourceSize": {"x":11,"y":4,"w":243,"h":61},
	"sourceSize": {"w":265,"h":118}
},
"e2048":
{
	"frame": {"x":1495,"y":2476,"w":247,"h":55},
	"rotated": false,
	"trimmed": true,
	"spriteSourceSize": {"x":9,"y":20,"w":247,"h":55},
	"sourceSize": {"w":271,"h":124}
},
"eoil":
{
	"frame": {"x":1289,"y":1737,"w":249,"h":56},
	"rotated": false,
	"trimmed": true,
	"spriteSourceSize": {"x":8,"y":34,"w":249,"h":56},
	"sourceSize": {"w":271,"h":124}
},
"esquare":
{
	"frame": {"x":1492,"y":2417,"w":253,"h":55},
	"rotated": false,
	"trimmed": true,
	"spriteSourceSize": {"x":0,"y":1,"w":253,"h":55},
	"sourceSize": {"w":253,"h":57}
},
"fastEffect":
{
	"frame": {"x":2160,"y":1147,"w":384,"h":512},
	"rotated": false,
	"trimmed": false,
	"spriteSourceSize": {"x":0,"y":0,"w":384,"h":512},
	"sourceSize": {"w":384,"h":512}
},
"footer":
{
	"frame": {"x":1198,"y":0,"w":1161,"h":162},
	"rotated": false,
	"trimmed": false,
	"spriteSourceSize": {"x":0,"y":0,"w":1161,"h":162},
	"sourceSize": {"w":1161,"h":162}
},
"fxEvolve":
{
	"frame": {"x":653,"y":2228,"w":300,"h":300},
	"rotated": false,
	"trimmed": false,
	"spriteSourceSize": {"x":0,"y":0,"w":300,"h":300},
	"sourceSize": {"w":300,"h":300}
},
"fxJoin":
{
	"frame": {"x":2271,"y":2032,"w":200,"h":200},
	"rotated": false,
	"trimmed": false,
	"spriteSourceSize": {"x":0,"y":0,"w":200,"h":200},
	"sourceSize": {"w":200,"h":200}
},
"fxPart":
{
	"frame": {"x":304,"y":2259,"w":282,"h":281},
	"rotated": false,
	"trimmed": false,
	"spriteSourceSize": {"x":0,"y":0,"w":282,"h":281},
	"sourceSize": {"w":282,"h":281}
},
"hex":
{
	"frame": {"x":1755,"y":1527,"w":358,"h":230},
	"rotated": false,
	"trimmed": false,
	"spriteSourceSize": {"x":0,"y":0,"w":358,"h":230},
	"sourceSize": {"w":358,"h":230}
},
"itemFast":
{
	"frame": {"x":957,"y":2219,"w":284,"h":300},
	"rotated": false,
	"trimmed": true,
	"spriteSourceSize": {"x":8,"y":0,"w":284,"h":300},
	"sourceSize": {"w":300,"h":300}
},
"itemPack":
{
	"frame": {"x":0,"y":2259,"w":300,"h":282},
	"rotated": false,
	"trimmed": true,
	"spriteSourceSize": {"x":0,"y":7,"w":300,"h":282},
	"sourceSize": {"w":300,"h":300}
},
"itemTime":
{
	"frame": {"x":1968,"y":2092,"w":299,"h":299},
	"rotated": false,
	"trimmed": true,
	"spriteSourceSize": {"x":0,"y":1,"w":299,"h":299},
	"sourceSize": {"w":300,"h":300}
},
"j2":
{
	"frame": {"x":1747,"y":1761,"w":334,"h":327},
	"rotated": false,
	"trimmed": true,
	"spriteSourceSize": {"x":4,"y":0,"w":334,"h":327},
	"sourceSize": {"w":339,"h":327}
},
"j4":
{
	"frame": {"x":1845,"y":778,"w":358,"h":340},
	"rotated": false,
	"trimmed": false,
	"spriteSourceSize": {"x":0,"y":0,"w":358,"h":340},
	"sourceSize": {"w":358,"h":340}
},
"j512":
{
	"frame": {"x":578,"y":1275,"w":503,"h":527},
	"rotated": false,
	"trimmed": true,
	"spriteSourceSize": {"x":7,"y":2,"w":503,"h":527},
	"sourceSize": {"w":517,"h":530}
},
"j1024":
{
	"frame": {"x":0,"y":1776,"w":503,"h":479},
	"rotated": false,
	"trimmed": true,
	"spriteSourceSize": {"x":7,"y":7,"w":503,"h":479},
	"sourceSize": {"w":517,"h":493}
},
"j4096":
{
	"frame": {"x":0,"y":1226,"w":574,"h":546},
	"rotated": false,
	"trimmed": true,
	"spriteSourceSize": {"x":7,"y":1,"w":574,"h":546},
	"sourceSize": {"w":589,"h":560}
},
"j8192b":
{
	"frame": {"x":1141,"y":994,"w":610,"h":534},
	"rotated": false,
	"trimmed": true,
	"spriteSourceSize": {"x":2,"y":2,"w":610,"h":534},
	"sourceSize": {"w":621,"h":559}
},
"joil":
{
	"frame": {"x":708,"y":417,"w":435,"h":405},
	"rotated": false,
	"trimmed": true,
	"spriteSourceSize": {"x":7,"y":5,"w":435,"h":405},
	"sourceSize": {"w":446,"h":414}
},
"lucky":
{
	"frame": {"x":1718,"y":2092,"w":246,"h":300},
	"rotated": false,
	"trimmed": true,
	"spriteSourceSize": {"x":27,"y":0,"w":246,"h":300},
	"sourceSize": {"w":300,"h":300}
},
"motion":
{
	"frame": {"x":2085,"y":1789,"w":276,"h":239},
	"rotated": false,
	"trimmed": true,
	"spriteSourceSize": {"x":0,"y":1,"w":276,"h":239},
	"sourceSize": {"w":276,"h":240}
},
"movement_surprise":
{
	"frame": {"x":2117,"y":1663,"w":350,"h":122},
	"rotated": false,
	"trimmed": false,
	"spriteSourceSize": {"x":0,"y":0,"w":350,"h":122},
	"sourceSize": {"w":350,"h":122}
},
"n1":
{
	"frame": {"x":1161,"y":1798,"w":194,"h":377},
	"rotated": false,
	"trimmed": false,
	"spriteSourceSize": {"x":0,"y":0,"w":194,"h":377},
	"sourceSize": {"w":194,"h":377}
},
"pediaItem":
{
	"frame": {"x":0,"y":0,"w":1194,"h":413},
	"rotated": false,
	"trimmed": false,
	"spriteSourceSize": {"x":0,"y":0,"w":1194,"h":413},
	"sourceSize": {"w":1194,"h":413}
},
"ScrollMask":
{
	"frame": {"x":0,"y":417,"w":704,"h":805},
	"rotated": false,
	"trimmed": true,
	"spriteSourceSize": {"x":14,"y":62,"w":704,"h":805},
	"sourceSize": {"w":732,"h":894}
},
"star":
{
	"frame": {"x":2041,"y":2395,"w":141,"h":137},
	"rotated": false,
	"trimmed": false,
	"spriteSourceSize": {"x":0,"y":0,"w":141,"h":137},
	"sourceSize": {"w":141,"h":137}
},
"starOff":
{
	"frame": {"x":1895,"y":2396,"w":142,"h":138},
	"rotated": false,
	"trimmed": false,
	"spriteSourceSize": {"x":0,"y":0,"w":142,"h":138},
	"sourceSize": {"w":142,"h":138}
},
"title_jelly_1":
{
	"frame": {"x":507,"y":1806,"w":346,"h":418},
	"rotated": false,
	"trimmed": false,
	"spriteSourceSize": {"x":0,"y":0,"w":346,"h":418},
	"sourceSize": {"w":346,"h":418}
},
"title_jelly_2":
{
	"frame": {"x":2232,"y":396,"w":304,"h":407},
	"rotated": false,
	"trimmed": false,
	"spriteSourceSize": {"x":0,"y":0,"w":304,"h":407},
	"sourceSize": {"w":304,"h":407}
},
"title_jelly_5":
{
	"frame": {"x":708,"y":826,"w":429,"h":400},
	"rotated": false,
	"trimmed": false,
	"spriteSourceSize": {"x":0,"y":0,"w":429,"h":400},
	"sourceSize": {"w":429,"h":400}
},
"title_join_1":
{
	"frame": {"x":857,"y":1806,"w":300,"h":409},
	"rotated": false,
	"trimmed": false,
	"spriteSourceSize": {"x":0,"y":0,"w":300,"h":409},
	"sourceSize": {"w":300,"h":409}
},
"title_join_3":
{
	"frame": {"x":1359,"y":1955,"w":149,"h":458},
	"rotated": false,
	"trimmed": false,
	"spriteSourceSize": {"x":0,"y":0,"w":149,"h":458},
	"sourceSize": {"w":149,"h":458}
},
"title_join_4":
{
	"frame": {"x":2207,"y":807,"w":338,"h":336},
	"rotated": false,
	"trimmed": false,
	"spriteSourceSize": {"x":0,"y":0,"w":338,"h":336},
	"sourceSize": {"w":338,"h":336}
}},
"meta": {
	"app": "http://www.codeandweb.com/texturepacker",
	"version": "1.0",
	"image": "Sprites-2@1x.png",
	"format": "RGBA8888",
	"size": {"w":2545,"h":2545},
	"scale": "1",
	"smartupdate": "$TexturePacker:SmartUpdate:b9cab2d0f83cded91f1f66b62938709a:dbda0408a3f07b676f048d761bc74680:884199b1a8453e651672ba386c3c233a$"
}
}
