{"frames": {

"bonus_border":
{
	"frame": {"x":601,"y":85,"w":566,"h":97},
	"rotated": false,
	"trimmed": false,
	"spriteSourceSize": {"x":0,"y":0,"w":566,"h":97},
	"sourceSize": {"w":566,"h":97}
},
"BtClose":
{
	"frame": {"x":606,"y":1080,"w":75,"h":77},
	"rotated": false,
	"trimmed": false,
	"spriteSourceSize": {"x":0,"y":0,"w":75,"h":77},
	"sourceSize": {"w":75,"h":77}
},
"BtMinimize":
{
	"frame": {"x":606,"y":1161,"w":75,"h":77},
	"rotated": false,
	"trimmed": false,
	"spriteSourceSize": {"x":0,"y":0,"w":75,"h":77},
	"sourceSize": {"w":75,"h":77}
},
"BtMusicOff":
{
	"frame": {"x":497,"y":315,"w":89,"h":94},
	"rotated": false,
	"trimmed": false,
	"spriteSourceSize": {"x":0,"y":0,"w":89,"h":94},
	"sourceSize": {"w":89,"h":94}
},
"BtPlay":
{
	"frame": {"x":1124,"y":776,"w":201,"h":201},
	"rotated": false,
	"trimmed": false,
	"spriteSourceSize": {"x":0,"y":0,"w":201,"h":201},
	"sourceSize": {"w":201,"h":201}
},
"BtSound":
{
	"frame": {"x":497,"y":413,"w":89,"h":94},
	"rotated": false,
	"trimmed": false,
	"spriteSourceSize": {"x":0,"y":0,"w":89,"h":94},
	"sourceSize": {"w":89,"h":94}
},
"BtSoundOff":
{
	"frame": {"x":1214,"y":981,"w":89,"h":94},
	"rotated": false,
	"trimmed": false,
	"spriteSourceSize": {"x":0,"y":0,"w":89,"h":94},
	"sourceSize": {"w":89,"h":94}
},
"BtStore":
{
	"frame": {"x":1109,"y":981,"w":101,"h":101},
	"rotated": false,
	"trimmed": false,
	"spriteSourceSize": {"x":0,"y":0,"w":101,"h":101},
	"sourceSize": {"w":101,"h":101}
},
"check":
{
	"frame": {"x":452,"y":1080,"w":101,"h":81},
	"rotated": false,
	"trimmed": false,
	"spriteSourceSize": {"x":0,"y":0,"w":101,"h":81},
	"sourceSize": {"w":101,"h":81}
},
"DIAStudioIco":
{
	"frame": {"x":275,"y":431,"w":73,"h":73},
	"rotated": false,
	"trimmed": true,
	"spriteSourceSize": {"x":6,"y":5,"w":73,"h":73},
	"sourceSize": {"w":83,"h":83}
},
"DIAStudioLogo":
{
	"frame": {"x":912,"y":186,"w":261,"h":261},
	"rotated": false,
	"trimmed": false,
	"spriteSourceSize": {"x":0,"y":0,"w":261,"h":261},
	"sourceSize": {"w":261,"h":261}
},
"e8":
{
	"frame": {"x":178,"y":754,"w":101,"h":18},
	"rotated": false,
	"trimmed": true,
	"spriteSourceSize": {"x":41,"y":18,"w":101,"h":18},
	"sourceSize": {"w":193,"h":54}
},
"e1024":
{
	"frame": {"x":51,"y":720,"w":123,"h":32},
	"rotated": false,
	"trimmed": true,
	"spriteSourceSize": {"x":5,"y":1,"w":123,"h":32},
	"sourceSize": {"w":133,"h":59}
},
"e2048":
{
	"frame": {"x":310,"y":1269,"w":125,"h":29},
	"rotated": false,
	"trimmed": true,
	"spriteSourceSize": {"x":4,"y":9,"w":125,"h":29},
	"sourceSize": {"w":136,"h":62}
},
"eoil":
{
	"frame": {"x":178,"y":720,"w":127,"h":30},
	"rotated": false,
	"trimmed": true,
	"spriteSourceSize": {"x":3,"y":16,"w":127,"h":30},
	"sourceSize": {"w":136,"h":62}
},
"esquare":
{
	"frame": {"x":179,"y":1270,"w":127,"h":29},
	"rotated": false,
	"trimmed": false,
	"spriteSourceSize": {"x":0,"y":0,"w":127,"h":29},
	"sourceSize": {"w":127,"h":29}
},
"fastEffect":
{
	"frame": {"x":0,"y":459,"w":192,"h":256},
	"rotated": false,
	"trimmed": false,
	"spriteSourceSize": {"x":0,"y":0,"w":192,"h":256},
	"sourceSize": {"w":192,"h":256}
},
"footer":
{
	"frame": {"x":601,"y":0,"w":581,"h":81},
	"rotated": false,
	"trimmed": false,
	"spriteSourceSize": {"x":0,"y":0,"w":581,"h":81},
	"sourceSize": {"w":581,"h":81}
},
"fxEvolve":
{
	"frame": {"x":693,"y":1018,"w":150,"h":150},
	"rotated": false,
	"trimmed": false,
	"spriteSourceSize": {"x":0,"y":0,"w":150,"h":150},
	"sourceSize": {"w":150,"h":150}
},
"fxJoin":
{
	"frame": {"x":497,"y":211,"w":100,"h":100},
	"rotated": false,
	"trimmed": false,
	"spriteSourceSize": {"x":0,"y":0,"w":100,"h":100},
	"sourceSize": {"w":100,"h":100}
},
"fxPart":
{
	"frame": {"x":967,"y":1113,"w":141,"h":141},
	"rotated": false,
	"trimmed": false,
	"spriteSourceSize": {"x":0,"y":0,"w":141,"h":141},
	"sourceSize": {"w":141,"h":141}
},
"itemPack":
{
	"frame": {"x":813,"y":1172,"w":150,"h":142},
	"rotated": false,
	"trimmed": true,
	"spriteSourceSize": {"x":0,"y":3,"w":150,"h":142},
	"sourceSize": {"w":150,"h":150}
},
"itemTime":
{
	"frame": {"x":452,"y":1172,"w":150,"h":150},
	"rotated": false,
	"trimmed": false,
	"spriteSourceSize": {"x":0,"y":0,"w":150,"h":150},
	"sourceSize": {"w":150,"h":150}
},
"j-1":
{
	"frame": {"x":1112,"y":1086,"w":119,"h":95},
	"rotated": false,
	"trimmed": true,
	"spriteSourceSize": {"x":3,"y":1,"w":119,"h":95},
	"sourceSize": {"w":125,"h":97}
},
"j2":
{
	"frame": {"x":520,"y":912,"w":169,"h":164},
	"rotated": false,
	"trimmed": true,
	"spriteSourceSize": {"x":1,"y":0,"w":169,"h":164},
	"sourceSize": {"w":170,"h":164}
},
"j4":
{
	"frame": {"x":721,"y":459,"w":179,"h":170},
	"rotated": false,
	"trimmed": false,
	"spriteSourceSize": {"x":0,"y":0,"w":179,"h":170},
	"sourceSize": {"w":179,"h":170}
},
"j8":
{
	"frame": {"x":520,"y":724,"w":193,"h":184},
	"rotated": false,
	"trimmed": false,
	"spriteSourceSize": {"x":0,"y":0,"w":193,"h":184},
	"sourceSize": {"w":193,"h":184}
},
"j32":
{
	"frame": {"x":226,"y":1054,"w":222,"h":211},
	"rotated": false,
	"trimmed": false,
	"spriteSourceSize": {"x":0,"y":0,"w":222,"h":211},
	"sourceSize": {"w":222,"h":211}
},
"j64":
{
	"frame": {"x":498,"y":511,"w":219,"h":209},
	"rotated": false,
	"trimmed": true,
	"spriteSourceSize": {"x":1,"y":2,"w":219,"h":209},
	"sourceSize": {"w":223,"h":213}
},
"j128":
{
	"frame": {"x":0,"y":1054,"w":222,"h":212},
	"rotated": false,
	"trimmed": false,
	"spriteSourceSize": {"x":0,"y":0,"w":222,"h":212},
	"sourceSize": {"w":222,"h":212}
},
"j256":
{
	"frame": {"x":257,"y":211,"w":236,"h":216},
	"rotated": false,
	"trimmed": false,
	"spriteSourceSize": {"x":0,"y":0,"w":236,"h":216},
	"sourceSize": {"w":236,"h":216}
},
"j512":
{
	"frame": {"x":912,"y":451,"w":253,"h":265},
	"rotated": false,
	"trimmed": true,
	"spriteSourceSize": {"x":3,"y":0,"w":253,"h":265},
	"sourceSize": {"w":259,"h":265}
},
"j1024":
{
	"frame": {"x":0,"y":211,"w":253,"h":241},
	"rotated": false,
	"trimmed": true,
	"spriteSourceSize": {"x":3,"y":3,"w":253,"h":241},
	"sourceSize": {"w":259,"h":247}
},
"j2048":
{
	"frame": {"x":898,"y":720,"w":222,"h":185},
	"rotated": false,
	"trimmed": false,
	"spriteSourceSize": {"x":0,"y":0,"w":222,"h":185},
	"sourceSize": {"w":222,"h":185}
},
"j4096":
{
	"frame": {"x":0,"y":776,"w":289,"h":274},
	"rotated": false,
	"trimmed": true,
	"spriteSourceSize": {"x":3,"y":0,"w":289,"h":274},
	"sourceSize": {"w":295,"h":280}
},
"j8192b":
{
	"frame": {"x":601,"y":186,"w":307,"h":269},
	"rotated": false,
	"trimmed": true,
	"spriteSourceSize": {"x":0,"y":0,"w":307,"h":269},
	"sourceSize": {"w":311,"h":280}
},
"joil":
{
	"frame": {"x":275,"y":511,"w":219,"h":204},
	"rotated": false,
	"trimmed": true,
	"spriteSourceSize": {"x":3,"y":2,"w":219,"h":204},
	"sourceSize": {"w":223,"h":207}
},
"jsquare":
{
	"frame": {"x":293,"y":776,"w":223,"h":210},
	"rotated": false,
	"trimmed": false,
	"spriteSourceSize": {"x":0,"y":0,"w":223,"h":210},
	"sourceSize": {"w":223,"h":210}
},
"loadingBall":
{
	"frame": {"x":0,"y":720,"w":47,"h":49},
	"rotated": false,
	"trimmed": false,
	"spriteSourceSize": {"x":0,"y":0,"w":47,"h":49},
	"sourceSize": {"w":47,"h":49}
},
"lucky":
{
	"frame": {"x":685,"y":1172,"w":124,"h":150},
	"rotated": false,
	"trimmed": true,
	"spriteSourceSize": {"x":13,"y":0,"w":124,"h":150},
	"sourceSize": {"w":150,"h":150}
},
"movement_surprise":
{
	"frame": {"x":0,"y":1270,"w":175,"h":61},
	"rotated": false,
	"trimmed": false,
	"spriteSourceSize": {"x":0,"y":0,"w":175,"h":61},
	"sourceSize": {"w":175,"h":61}
},
"n2":
{
	"frame": {"x":1186,"y":0,"w":145,"h":189},
	"rotated": false,
	"trimmed": false,
	"spriteSourceSize": {"x":0,"y":0,"w":145,"h":189},
	"sourceSize": {"w":145,"h":189}
},
"pediaItem":
{
	"frame": {"x":0,"y":0,"w":597,"h":207},
	"rotated": false,
	"trimmed": false,
	"spriteSourceSize": {"x":0,"y":0,"w":597,"h":207},
	"sourceSize": {"w":597,"h":207}
},
"star":
{
	"frame": {"x":352,"y":431,"w":71,"h":69},
	"rotated": false,
	"trimmed": false,
	"spriteSourceSize": {"x":0,"y":0,"w":71,"h":69},
	"sourceSize": {"w":71,"h":69}
},
"starOff":
{
	"frame": {"x":606,"y":1242,"w":71,"h":69},
	"rotated": false,
	"trimmed": false,
	"spriteSourceSize": {"x":0,"y":0,"w":71,"h":69},
	"sourceSize": {"w":71,"h":69}
},
"title_jelly_1":
{
	"frame": {"x":721,"y":633,"w":173,"h":209},
	"rotated": false,
	"trimmed": false,
	"spriteSourceSize": {"x":0,"y":0,"w":173,"h":209},
	"sourceSize": {"w":173,"h":209}
},
"title_jelly_2":
{
	"frame": {"x":1177,"y":366,"w":152,"h":204},
	"rotated": false,
	"trimmed": false,
	"spriteSourceSize": {"x":0,"y":0,"w":152,"h":204},
	"sourceSize": {"w":152,"h":204}
},
"title_jelly_3":
{
	"frame": {"x":1169,"y":574,"w":160,"h":198},
	"rotated": false,
	"trimmed": false,
	"spriteSourceSize": {"x":0,"y":0,"w":160,"h":198},
	"sourceSize": {"w":160,"h":198}
},
"title_jelly_5":
{
	"frame": {"x":890,"y":909,"w":215,"h":200},
	"rotated": false,
	"trimmed": false,
	"spriteSourceSize": {"x":0,"y":0,"w":215,"h":200},
	"sourceSize": {"w":215,"h":200}
},
"title_join_2":
{
	"frame": {"x":1177,"y":193,"w":153,"h":169},
	"rotated": false,
	"trimmed": false,
	"spriteSourceSize": {"x":0,"y":0,"w":153,"h":169},
	"sourceSize": {"w":153,"h":169}
},
"title_join_3":
{
	"frame": {"x":196,"y":459,"w":75,"h":229},
	"rotated": false,
	"trimmed": false,
	"spriteSourceSize": {"x":0,"y":0,"w":75,"h":229},
	"sourceSize": {"w":75,"h":229}
},
"title_join_4":
{
	"frame": {"x":717,"y":846,"w":169,"h":168},
	"rotated": false,
	"trimmed": false,
	"spriteSourceSize": {"x":0,"y":0,"w":169,"h":168},
	"sourceSize": {"w":169,"h":168}
}},
"meta": {
	"app": "http://www.codeandweb.com/texturepacker",
	"version": "1.0",
	"image": "Sprites-2@0.5x.png",
	"format": "RGBA8888",
	"size": {"w":1331,"h":1331},
	"scale": "0.5",
	"smartupdate": "$TexturePacker:SmartUpdate:b9cab2d0f83cded91f1f66b62938709a:dbda0408a3f07b676f048d761bc74680:884199b1a8453e651672ba386c3c233a$"
}
}
